Chemical,Species,Conc,Reference,Timeframe
Boron,Oncorhynchus mykiss,2.1,1,chronic
Boron,Ictalurus punctatus,2.4,1,chronic
Boron,Micropterus salmoides,4.1,1,chronic
Boron,Brachydanio rerio,10,1,chronic
Boron,Carassius auratus,15.6,1,chronic
Boron,Pimephales promelas,18.3,1,chronic
Boron,Daphnia magna,6,1,chronic
Boron,Opercularia bimarginata,10,1,chronic
Boron,Ceriodaphnia dubia,13.4,1,chronic
Boron,Entosiphon sulcatum,15,1,chronic
Boron,Chironomus decorus,20,1,chronic
Boron,Paramecium caudatum,20,1,chronic
Boron,Rana pipiens,20.4,1,chronic
Boron,Bufo fowleri,48.6,1,chronic
Boron,Bufo americanus,50,1,chronic
Boron,Ambystoma jeffersonianum,70.7,1,chronic
Boron,Ambystoma maculatum,70.7,1,chronic
Boron,Rana sylvatica ,70.7,1,chronic
Boron,Elodea canadensis,1,1,chronic
Boron,Spirodella polyrrhiza,1.8,1,chronic
Boron,Chlorella pyrenoidosa,2,1,chronic
Boron,Phragmites australis,4,1,chronic
Boron,Chlorella vulgaris,5.2,1,chronic
Boron,Selenastrum capricornutum,12.3,1,chronic
Boron,Scenedesmus subpicatus,30,1,chronic
Boron,Myriophyllum spicatum,34.2,1,chronic
Boron,Anacystis nidulans,50,1,chronic
Boron,Lemna minor ,60,1,chronic
Cadmium,Oncorhynchus mykiss,0.23,2,chronic
Cadmium,Salvelinus confluentus,0.83,2,chronic
Cadmium,Cottus bairdi,0.96,2,chronic
Cadmium,Salmo salar,0.99,2,chronic
Cadmium,Acipenser transmont anus,1.14,2,chronic
Cadmium,Prosopium williamsoni,1.25,2,chronic
Cadmium,Salmo trutta,1.36,2,chronic
Cadmium,Salvelinus fontinalis,2.23,2,chronic
Cadmium,Oncorhynchus tshawytscha,2.29,2,chronic
Cadmium,Pimephales promelas,2.36,2,chronic
Cadmium,Catostomus commersoni,7.75,2,chronic
Cadmium,Oncorhynchus kisutch,7.81,2,chronic
Cadmium,Salvelinus namaycush,8.03,2,chronic
Cadmium,Esox lucius,8.03,2,chronic
Cadmium,Daphnia magna,0.05,2,chronic
Cadmium,Ceriodaphnia reticulata,0.12,2,chronic
Cadmium,Hyalella azteca,0.12,2,chronic
Cadmium,Hydra viridissima,0.87,2,chronic
Cadmium,Chironomus tentans,0.96,2,chronic
Cadmium,Echinogammarus meridionalis,1.3,2,chronic
Cadmium,Atyae phyra desmarestii,1.32,2,chronic
Cadmium,Gammarus pulex,1.86,2,chronic
Cadmium,Daphnia pulex,2.07,2,chronic
Cadmium,Ceriodaphnia dubia,4.9,2,chronic
Cadmium,Lampsilis siliquoidea,5.12,2,chronic
Cadmium,Aeolosoma headleyi,14.7,2,chronic
Cadmium,Lymnaea stagnalis,18.9,2,chronic
Cadmium,Chironomus riparius,27.1,2,chronic
Cadmium,Lymnaea palustris,58.2,2,chronic
Cadmium,Rhithrogena hageni,2659,2,chronic
Cadmium,Erythemis simplicicollis,48400,2,chronic
Cadmium,Pachydiplax longipennis,76500,2,chronic
Cadmium,Ambystoma gracile,106,2,chronic
Cadmium,Ankistrodesmus falcatus,4.9,2,chronic
Cadmium,Pseudokirchneriella subcapitata,19.8,2,chronic
Cadmium,Lemna minor,79,2,chronic
Chloride,Pimephales promelas Fathead minnow,598,3,chronic
Chloride,Salmo trutta fario Brown trout,607,3,chronic
Chloride,Oncorhynchus mykiss Rainbow trout,989,3,chronic
Chloride,Xenopus laevis African clawed frog,1307,3,chronic
Chloride,Rana pipiens Northern leopard frog,3431,3,chronic
Chloride,Lampsilis fasciola Wavy-rayed lampmussel (COSEWIC special concern),24,3,chronic
Chloride,Epioblasma torulosa rangiana Northern riffleshell mussel (COSEWIC endangered),42,3,chronic
Chloride,Musculium securis Fingernail clam,121,3,chronic
Chloride,Daphnia ambigua Water flea,259,3,chronic
Chloride,Daphnia pulex Water flea,368,3,chronic
Chloride,Elliptio complanata Freshwater mussel,406,3,chronic
Chloride,Daphnia magna Water flea,421,3,chronic
Chloride,Hyalella azteca Amphipod,421,3,chronic
Chloride,Ceriodaphnia dubia Water flea,454,3,chronic
Chloride,Tubifex tubifex Oligochaete,519,3,chronic
Chloride,Villosa delumbis Freshwater mussel,716,3,chronic
Chloride,Villosa constricta Freshwater mussel,789,3,chronic
Chloride,Lumbriculus variegates Oligochaete,825,3,chronic
Chloride,Brachionus calyciflorus,1241,3,chronic
Chloride,Lampsilis siliquoidea Freshwater mussel,1474,3,chronic
Chloride,Gammarus pseudopinmaeus Amphipod,2000,3,chronic
Chloride,Physa sp. Snail,2000,3,chronic
Chloride,Stenonema modestum Mayfly,2047,3,chronic
Chloride,Chironomus tentans Midge,2316,3,chronic
Chloride,Lemna minor Duckweed,1171,3,chronic
Chloride,Chlorella minutissimo Algae,6066,3,chronic
Chloride,Chlorella zofingiensis Algae,6066,3,chronic
Chloride,Chlorella emersonii Algae,6824,3,chronic
Endosulfan,Oncorhynchus mykiss,0.05,4,chronic
Endosulfan,Channa punctata,0.24,4,chronic
Endosulfan,Pimephales promelas,0.28,4,chronic
Endosulfan,Hydra vulgaris,0.06,4,chronic
Endosulfan,Hydra viridissima,0.07,4,chronic
Endosulfan,Daphnia magna,14.1,4,chronic
Endosulfan,Ceriodaphnia dubia,14.1,4,chronic
Endosulfan,Moinodaphnia macleayi,28.3,4,chronic
Endosulfan,Daphnia cephalata,113.14,4,chronic
Endosulfan,Brachionus calyciflorus,1000,4,chronic
Endosulfan,Pseudokirchneriell a subcapitatum,427.8,4,chronic
Endosulfan,Scenedesmus subspicatus,560,4,chronic
Glyphosate,O. kisutch,130000,5,chronic
Glyphosate,O. mykiss,150000,5,chronic
Glyphosate,P. promelas,25700,5,chronic
Glyphosate,C. dubia,65000,5,chronic
Glyphosate,D. magna,10487,5,chronic
Glyphosate,H. azteca,20500,5,chronic
Glyphosate,P. columella,3162,5,chronic
Glyphosate,A. flosaquae,12000,5,chronic
Glyphosate,C. pyrenoidosa,3530,5,chronic
Glyphosate,C. vulgaris,4696,5,chronic
Glyphosate,L. gibba,1587,5,chronic
Glyphosate,M. sibiricum,1474,5,chronic
Glyphosate,N. pelliculosa,1800,5,chronic
Glyphosate,P. pectinatus,3162,5,chronic
Glyphosate,P. subcapitata,10000,5,chronic
Glyphosate,S. acutus,2820,5,chronic
Glyphosate,S. obliquus,55858,5,chronic
Glyphosate,S. quadricauda,1090,5,chronic
Uranium,O. mykiss,350,6,chronic
Uranium,P. promelas,1040,6,chronic
Uranium,E. luius,2550,6,chronic
Uranium,S. namaycush,13400,6,chronic
Uranium,C. commersoni,14300,6,chronic
Uranium,H. azteca,12,6,chronic
Uranium,C. dubia,73,6,chronic
Uranium,S. serrulatus,480,6,chronic
Uranium,D. magna,530,6,chronic
Uranium,C. tentans,930,6,chronic
Uranium,P.subcapitata,40,6,chronic
Uranium,L. minor,3100,6,chronic
Uranium,C. erosa,172,6,chronic
Silver,O. mykiss,0.24,7,chronic
Silver,L. gibba,0.63,7,chronic
Silver,C. dubia,0.78,7,chronic
Silver,P. promelas,0.83,7,chronic
Silver,I. punctatus,1.9,7,chronic
Silver,D. magna,2.12,7,chronic
Silver,H. azteca,4,7,chronic
Silver,C. tentans,13,7,chronic
Silver,M. salmoides,23,7,chronic
,,,,chronic
